AccountNumber,Name,City,email,gender
1,Griffie,San Pedro de Lloc,gbrownjohn0@earthlink.net,Male
2,Heath,Quinjalca,hoxshott1@facebook.com,Female
3,Sigrid,Riđica,sdunmuir2@hatena.ne.jp,Female
4,Salomone,Baltasar Brum,sstutard3@seesaa.net,Bigender
5,Lanna,Rucava,lbonner4@google.nl,Genderfluid
6,Karina,Wangmang,khammerton5@dailymail.co.uk,Female
7,Brion,Jandir,bduffyn6@dedecms.com,Male
8,Lottie,Manyava,ldemeza7@aol.com,Female
9,Geoffrey,Buliok,gboshere8@google.fr,Male
10,Izaak,San Juan Nepomuceno,inottingam9@unblog.fr,Male
11,Tressa,Quthing,tflinta@php.net,Genderqueer
12,Giffard,Rueil-Malmaison,gbasleyb@ibm.com,Male
13,Quint,Vadstena,qlumbyc@dell.com,Male
14,Germain,Matanzas,gdarelld@japanpost.jp,Female
15,Yulma,Angers,ybandte@altervista.org,Male
16,Audry,Manisi,abilovusf@theglobeandmail.com,Female
17,Layney,Quebradas,ltarbertg@cornell.edu,Female
18,Carena,Gložan,cberringtonh@geocities.com,Female
19,Skye,Kakamega,scranglei@histats.com,Male
20,Fayth,Rado,fkennifickj@aboutads.info,Female
21,Selie,Shelopugino,sabrashkovk@canalblog.com,Female
22,Shalom,Şanā’,selcottl@businesswire.com,Male
23,Deny,Chiba,dsnarrm@xing.com,Female
24,Izzy,Malhou,icuddehyn@theatlantic.com,Male
25,Hermione,Galaz,hosgodbyo@miitbeian.gov.cn,Female
26,Odo,Chester,odallmanp@answers.com,Non-binary
27,Gualterio,Xiamao,gletrangeq@fc2.com,Male
28,Deane,Oštarije,daustonr@adobe.com,Female
29,Sybyl,Caracal,spaurs@delicious.com,Female
30,Rollie,Suishan,rtwelvest@globo.com,Male
31,Vanda,Tuanjie,vpinhornu@github.io,Female
32,Bobbee,Salamá,blyddiardv@joomla.org,Female
33,Leodora,Vichadero,lhamelynw@usnews.com,Female
34,Amitie,Pedreira,adoerrlingx@apple.com,Female
35,Trudie,Francistown,tjasiky@lulu.com,Female
36,Eadie,Leijiadian,eelfesz@zdnet.com,Female
37,Robby,Pampa del Infierno,rclawson10@chicagotribune.com,Female
38,Kelcie,Stenungsund,koiseau11@elegantthemes.com,Female
39,Juan,La Tigra,jswash12@state.gov,Male
40,Millisent,Ussel,mwallace13@smugmug.com,Female
41,Rhys,Mahendranagar,rblakeman14@state.tx.us,Male
42,Jessika,Kaz,jbovey15@theguardian.com,Female
43,Russ,Caringin Lor,rcarah16@mashable.com,Male
44,Neille,Qinglian,ngrewe17@wufoo.com,Non-binary
45,Sol,Trompsburg,sackland18@businesswire.com,Male
46,Uta,Punta Alta,ugommes19@usatoday.com,Female
47,Glennis,Yorii,gantrum1a@themeforest.net,Female
48,Wren,Cipeundeuy,wlockner1b@sina.com.cn,Polygender
49,Ardene,Kuleqi,amicheli1c@surveymonkey.com,Female
50,Paten,Longsha,pdrennan1d@bing.com,Genderfluid
51,Kerr,Severnoye,kfasler1e@macromedia.com,Male
52,Jerald,Jialu,jbollin1f@oracle.com,Male
53,Alf,Pinayagan Norte,ahenniger1g@canalblog.com,Male
54,Maje,Zhongshan,msaxon1h@mozilla.org,Male
55,Zedekiah,West End,zletherbury1i@pen.io,Male
56,Brade,Balabagan,bhadkins1j@prnewswire.com,Male
57,Nicol,Drakino,nstuke1k@state.gov,Male
58,Abigail,Pocpo,abellay1l@usa.gov,Female
59,Delmore,Changgai,dgorusso1m@wsj.com,Male
60,Pren,Bantogon,pruddom1n@nydailynews.com,Male
61,Sarina,Boluo,scoulthard1o@wikipedia.org,Female
62,Rikki,Phu Kam Yao,rarmatage1p@unicef.org,Agender
63,Lyell,Gaojialing,lsiddall1q@pbs.org,Male
64,Farris,Varjota,fchstney1r@usa.gov,Male
65,Filmore,Nagrak,ftrimble1s@edublogs.org,Male
66,Jamill,Moijabana,jgoodinge1t@gov.uk,Male
67,Lovell,Rebrikha,lpenritt1u@quantcast.com,Male
68,Dewain,Ar Ramāḑīn,dallmann1v@wikispaces.com,Male
69,Wyatan,Liješnica,wwildish1w@dropbox.com,Male
70,Ari,Mīr Bachah Kōṯ,astreater1x@usda.gov,Male
71,Devinne,Xixiang,dmoatt1y@squidoo.com,Female
72,Sybil,Marseille,speek1z@mlb.com,Female
73,Brandyn,Hallstahammar,bchmarny20@buzzfeed.com,Male
74,Minor,Laocheng,mfairn21@yolasite.com,Male
75,Madelene,Xiaolukou,mmafham22@icio.us,Female
76,Fanny,Ejmiatsin,fswire23@multiply.com,Genderfluid
77,Irving,Heyu,icraddock24@google.nl,Male
78,Tonya,Puerto Obaldía,tarmes25@umich.edu,Agender
79,Muriel,Huadian,mjopp26@bloomberg.com,Female
80,Pedro,Kunčice pod Ondřejníkem,pgarraway27@irs.gov,Male
81,Etienne,Pinghu,ecrowdy28@dedecms.com,Male
82,Winny,Sosnovka,wwhaley29@forbes.com,Male
83,Carlin,Kyzyl,cedinburgh2a@elegantthemes.com,Female
84,Wade,Saint-Étienne,wmounsey2b@huffingtonpost.com,Male
85,Cosetta,Hezuo,cspoerl2c@pagesperso-orange.fr,Female
86,Patsy,Ar Ramāḑīn,pmaccahee2d@virginia.edu,Male
87,Antonina,Bosanski Novi,alandis2e@t.co,Agender
88,Alikee,Borino,astinson2f@harvard.edu,Female
89,Annis,Iñapari,agarstang2g@indiegogo.com,Polygender
90,Berni,Groningen,bheball2h@opensource.org,Female
91,Justinian,Cárdenas,jkorba2i@google.it,Male
92,Yolane,Poá,ydoohey2j@answers.com,Female
93,Bessy,Brikama,bpentin2k@harvard.edu,Female
94,Aili,Yetang,apayton2l@bizjournals.com,Female
95,Gregg,London,gtarburn2m@hao123.com,Male
96,Scot,Varennes,schalcot2n@surveymonkey.com,Male
97,Bran,Leshukonskoye,bcreese2o@youku.com,Male
98,Myles,Yanmen,mioannidis2p@msn.com,Genderqueer
99,Merrick,Staré Město,mcairns2q@blog.com,Male
100,Arni,Staffanstorp,amcmenamin2r@etsy.com,Male
101,Kerry,Évry,klockyer2s@yahoo.co.jp,Male
102,Edy,Dubti,ewaddicor2t@ftc.gov,Female
103,Camella,Wushi,cbroadberry2u@php.net,Female
104,Holmes,Banī Khallād,htaborre2v@constantcontact.com,Male
105,Clemens,Omaha,ccock2w@army.mil,Male
106,Brandtr,Menglie,btupp2x@blogs.com,Male
107,Candra,Haninge,cmaccafferty2y@bloglovin.com,Female
108,Bennett,Арачиново,blegen2z@scribd.com,Male
109,Carney,Laraos,cdudderidge30@microsoft.com,Male
110,Cecil,Saint-Ouen,cblowen31@flickr.com,Female
111,Stevena,Zavety Il’icha,ssumpter32@ucsd.edu,Female
112,Sonnie,Qanliko’l,slepick33@list-manage.com,Male
113,Hillie,Bugis,hlopes34@unc.edu,Non-binary
114,Jobyna,Ligang,jskydall35@shop-pro.jp,Female
115,Branden,Blois,bwilliamson36@lulu.com,Male
116,Whitney,Orizari,wwitcher37@mozilla.org,Female
117,Amos,Zhongdong,aibel38@1688.com,Genderqueer
118,Dermot,Sebegen,dmoss39@mlb.com,Male
119,Roda,Nedryhayliv,rreichartz3a@zimbio.com,Female
120,Tamarra,Tianya,tceyssen3b@toplist.cz,Female
121,Brendin,Káto Nevrokópi,bjayne3c@whitehouse.gov,Male
122,Adrian,Takaka,ahyman3d@cafepress.com,Male
123,Hurley,Colmeal,hpleven3e@jiathis.com,Male
124,Guglielma,Fresno,glanham3f@hao123.com,Female
125,Arnie,Abades,alowden3g@bandcamp.com,Male
126,Yolane,Wete,ybaverstock3h@telegraph.co.uk,Female
127,Eugenio,Caihua,emaccallum3i@networksolutions.com,Agender
128,Shawnee,Groningen,ssherville3j@tinypic.com,Female
129,Jabez,Xinxu,jramberg3k@github.io,Male
130,Duncan,Chemodanovka,dorcas3l@about.com,Male
131,Harlan,Králův Dvůr,hserck3m@house.gov,Male
132,Stanislaus,K’ulashi,spolden3n@princeton.edu,Male
133,Lynde,Kéfalos,llosel3o@dyndns.org,Female
134,Fulvia,Kangding,frolin3p@amazon.com,Female
135,Jere,Dasuk,jrainsdon3q@acquirethisname.com,Female
136,Eb,Shidong,eoran3r@wikipedia.org,Male
137,Sophie,Srednebelaya,spavlenko3s@dailymail.co.uk,Female
138,Sax,Liješnica,slowy3t@mlb.com,Male
139,Brandy,Ust’-Ulagan,bscedall3u@paginegialle.it,Female
140,Sarette,Casal Novo,snorley3v@amazon.co.uk,Female
141,Nertie,Gadingrejo,nkidde3w@slideshare.net,Female
142,Shandie,Zgłobień,spynn3x@illinois.edu,Female
143,Darcee,Al ‘Āliyah,dleming3y@rediff.com,Female
144,Reggis,Zhangbagou,rcovelle3z@macromedia.com,Male
145,Danna,Santa Magdalena,dgrant40@t.co,Bigender
146,Kinna,Eastern Suburbs Mc,klambole41@craigslist.org,Female
147,Ivy,Brzączowice,icowley42@cornell.edu,Female
148,Lynn,Xinhuang,lpencott43@cargocollective.com,Male
149,Erick,Candon,estanyan44@xinhuanet.com,Male
150,Vannie,Baicaogou,vgoodspeed45@over-blog.com,Female
151,Cherri,Pingqiao,ceardley46@blogger.com,Female
152,Diane-marie,Concordia,ddutch47@slate.com,Polygender
153,Shannan,Carquefou,sjacobowicz48@ibm.com,Polygender
154,Emily,Bang Saphan,efilkin49@examiner.com,Female
155,Marta,Gesikan,mcettell4a@livejournal.com,Female
156,Jeralee,Hengpi,jmarvelley4b@cpanel.net,Female
157,Theresina,Gapluk,tfaustin4c@mlb.com,Female
158,Jere,Miyako,jglanz4d@statcounter.com,Male
159,Samaria,Betong,sjohanning4e@cargocollective.com,Female
160,Ettore,Kafr Şūr,ekaminski4f@loc.gov,Male
161,Rey,Rosario de Mora,rbrusle4g@digg.com,Male
162,Kakalina,Rochester,kcluney4h@nydailynews.com,Female
163,Marice,Gutang,mryland4i@t.co,Female
164,Jo-anne,Kołczygłowy,jducaen4j@ucsd.edu,Female
165,Lauren,Omaha,lcastelijn4k@spotify.com,Male
166,Alicea,Aliwal North,aboyd4l@sciencedaily.com,Female
167,Den,Kalapagenep,ddessaur4m@sfgate.com,Male
168,Karole,Klevan’,kpartington4n@liveinternet.ru,Female
169,Ezequiel,Repki,egrissett4o@bandcamp.com,Male
170,Amber,Zhaobaoshan,abrooke4p@archive.org,Female
171,Bjorn,Zlatoust,bdreghorn4q@g.co,Male
172,Benson,Norrköping,bbranscombe4r@phoca.cz,Male
173,Keefer,Jalālpur Pīrwāla,ktarbett4s@illinois.edu,Male
174,Archie,Villa Florida,ahoovart4t@bandcamp.com,Male
175,Melicent,Umeå,mtackley4u@skype.com,Female
176,Norina,Babakan,nalvares4v@dailymail.co.uk,Female
177,Julee,Mê Linh,jcordingly4w@typepad.com,Polygender
178,Federico,Chilecito,fudie4x@forbes.com,Male
179,Ahmed,Xianglan,asavoury4y@example.com,Male
180,Neile,Qingfenglin,nneathway4z@barnesandnoble.com,Bigender
181,Giffie,Hanfeng,gmeers50@msu.edu,Male
182,Em,Banyutengah,ebielfeldt51@etsy.com,Male
183,Ariana,Slutsk,asqueers52@spiegel.de,Female
184,Tadeas,Damāvand,ttodor53@phoca.cz,Male
185,Derk,El Peñón,dllewhellin54@clickbank.net,Male
186,Octavius,Haoguantun,ocaesmans55@altervista.org,Male
187,Hube,Nakhabino,hdearnaly56@mysql.com,Male
188,Odey,Ostrów Wielkopolski,ocandlin57@ask.com,Male
189,Mario,San Francisco de la Paz,mbartod58@sun.com,Male
190,Dill,Posadas,dshoemark59@opera.com,Polygender
191,Bryna,Yuchi,bvanrembrandt5a@columbia.edu,Polygender
192,Silvan,Guangshun,stoffano5b@epa.gov,Male
193,Marco,Rabat,mhazelton5c@columbia.edu,Male
194,Frederic,Coripata,ffiggins5d@topsy.com,Male
195,Emmeline,Pyhäranta,erioch5e@marketwatch.com,Female
196,Westleigh,Dongting,wpawellek5f@goodreads.com,Polygender
197,Hazel,Al Funayţīs,htremblet5g@businessinsider.com,Agender
198,Kerry,Bobolice,krabb5h@apple.com,Female
199,Leonore,Västervik,lsoulsby5i@oracle.com,Female
200,Penni,Singasari,pangelo5j@newsvine.com,Female
201,Matias,Benguela,mbrilleman5k@dyndns.org,Male
202,Issi,Kingsport,ivanwaadenburg5l@guardian.co.uk,Female
203,Izaak,Vila Franca do Campo,iyendle5m@timesonline.co.uk,Bigender
204,Adelaida,Jankowice,adezamora5n@tripadvisor.com,Female
205,Mace,Guaranda,mvasyunichev5o@irs.gov,Male
206,Ondrea,Bijeli,osinisbury5p@dion.ne.jp,Genderfluid
207,Gawain,Grecheskoye,gbennet5q@npr.org,Male
208,Melonie,Guixi,mmcgonagle5r@pagesperso-orange.fr,Female
209,Gaspar,Swellendam,gcorrington5s@webnode.com,Male
210,Oneida,Mbanza-Ngungu,omacvean5t@tripod.com,Female
211,Trina,Panay,tshowell5u@dot.gov,Female
212,Ferdinande,Zhishan,flohden5v@xinhuanet.com,Polygender
213,Zachariah,Karangdalam,zfaunt5w@linkedin.com,Male
214,Rurik,Dowan,rbapty5x@facebook.com,Male
215,Vivianna,Khrystynivka,vflamank5y@cmu.edu,Female
216,Denis,San Vicente,dmurname5z@aol.com,Male
217,Leon,Tacoma,lrich60@bandcamp.com,Male
218,Rice,Cleveland,rsignorelli61@nymag.com,Male
219,Mayer,Solna,mcheltnam62@bbb.org,Male
220,Ingaberg,Áno Kopanákion,ifarley63@usnews.com,Female
221,Maxie,Mene de Mauroa,mhaslehurst64@wisc.edu,Female
222,Justina,Wenbi,jsilverstone65@fema.gov,Female
223,Tabor,Kétou,tmcluckie66@parallels.com,Male
224,Jeanine,Toyota,jianitti67@soup.io,Female
225,Ramonda,Vokhaïkó,rbeake68@who.int,Female
226,Coreen,Ké-Macina,cbrevetor69@miitbeian.gov.cn,Genderfluid
227,Sloane,Teryayevo,swakely6a@wunderground.com,Genderqueer
228,Elisha,San Carlos,ebengough6b@barnesandnoble.com,Male
229,Sharla,Dzuunmod,smarsy6c@thetimes.co.uk,Female
230,Devonna,Fais,dkoppke6d@intel.com,Female
231,Koralle,Petaluma,kzamorrano6e@cargocollective.com,Female
232,Ambrosio,Caomiao,ahoyer6f@webmd.com,Male
233,Hadrian,Magistral’nyy,hbabidge6g@cnn.com,Male
234,Elsie,Risaralda,ehardwich6h@t-online.de,Female
235,Joelie,Täby,jeva6i@zimbio.com,Female
236,Paolina,Madaoua,prushsorth6j@reuters.com,Agender
237,Peyter,Omemee,pmounsie6k@jimdo.com,Male
238,Gareth,Botucatu,gclausen6l@reddit.com,Genderqueer
239,Andrea,Porto Seguro,amcwilliam6m@va.gov,Male
240,Dionne,Shuangxi,dchance6n@oaic.gov.au,Female
241,Charmaine,Murcia,cstebbings6o@jiathis.com,Female
242,Ulises,Lukolela,utwitchings6p@apache.org,Male
243,Lin,Úštěk,lroubottom6q@tamu.edu,Female
244,Darbie,Qingshui,dsarch6r@goo.gl,Female
245,Clerissa,Hariang,cmcneigh6s@nba.com,Female
246,Kellie,Tayzhina,kyantsurev6t@php.net,Female
247,Maren,Poroshkovo,mflecknoe6u@wordpress.org,Female
248,Retha,Xinshiba,rstoyell6v@themeforest.net,Polygender
249,Dunc,Roissy Charles-de-Gaulle,dfrapwell6w@nhs.uk,Male
250,Irwinn,Pangansalan,icandie6x@google.es,Male
251,Starlene,Zhendong,sbabalola6y@unblog.fr,Female
252,Charline,Tagdanua,ckohnemann6z@etsy.com,Female
253,Cathi,Kuantan,ctuckett70@oracle.com,Female
254,Caitlin,Qiaole,ctitcumb71@paginegialle.it,Female
255,Dredi,Nezhinka,detridge72@wiley.com,Female
256,Ferrell,Gião,fstate73@soup.io,Male
257,Madel,San Vicente,mmacgaughy74@wordpress.org,Female
258,Latrena,Szczerców,lyude75@nature.com,Agender
259,Christy,Gengwan,cfaulconer76@istockphoto.com,Female
260,Cherilyn,Chelles,camanger77@gravatar.com,Female
261,Beryle,Huangzhou,bgumey78@ebay.com,Female
262,Corinne,Messina,ckerrich79@bravesites.com,Female
263,Mario,Tungawan,mawin7a@lulu.com,Male
264,Kendal,Bulangan,kcaulwell7b@blogs.com,Male
265,Roselin,Zhengcun,rtellenbrok7c@t-online.de,Female
266,Ethan,Kedungwungu,egambie7d@google.es,Male
267,Seumas,Fovissste,snelthrop7e@dailymotion.com,Male
268,Sylas,Ambohitrolomahitsy,sharkin7f@wikimedia.org,Non-binary
269,Rickie,Gaya,rbanville7g@posterous.com,Male
270,Carmelia,Cambarus,cnoell7h@vistaprint.com,Genderqueer
271,Leandra,Rengat,ldebellis7i@businessinsider.com,Female
272,Ardeen,Aghavnatun,alamborne7j@amazonaws.com,Female
273,Korney,Staffanstorp,kdrover7k@cam.ac.uk,Female
274,Anneliese,Koukkuniemi,araywood7l@bandcamp.com,Female
275,Barbabra,Batuna Satu,bheenan7m@princeton.edu,Female
276,Ignatius,Novotroitsk,icory7n@howstuffworks.com,Male
277,Carey,Apopa,cillidge7o@smh.com.au,Female
278,Sisely,Ihosy,sgarett7p@washingtonpost.com,Female
279,Ray,Hrabyně,rstickney7q@adobe.com,Male
280,Meagan,Sydney,mdonisthorpe7r@arizona.edu,Female
281,Leroy,Xikou,ltembey7s@opera.com,Male
282,Rosabelle,Huangjinjing,rgirdler7t@mlb.com,Female
283,Idaline,Šardice,ischultes7u@aboutads.info,Female
284,Pavel,San Vicente,phastings7v@list-manage.com,Male
285,Ajay,Bayan Uula Sumu,aanthoine7w@hibu.com,Female
286,Merv,Daming,mkempstone7x@ftc.gov,Male
287,Petronia,Kalandagan,pstelli7y@virginia.edu,Female
288,Westbrook,Dongsheng,wbothwell7z@dion.ne.jp,Male
289,Hall,Fanzhuang,hchisholm80@oaic.gov.au,Male
290,Winifield,Regidor,wbrockhouse81@parallels.com,Male
291,Gerek,Çobansığnaq,ggebby82@jugem.jp,Male
292,Lorrie,Bum Bum,lberntsson83@wp.com,Female
293,Bill,Matwaḩ,bmillhill84@sphinn.com,Female
294,Dugald,Jembe Timur,dfrederick85@wordpress.org,Non-binary
295,Lloyd,Kalajoki,lwestrope86@usa.gov,Male
296,Meier,Jājarm,mbuckingham87@ameblo.jp,Male
297,Stace,Langkou,sdelf88@ustream.tv,Female
298,Lillis,Lidong,lsomerville89@mediafire.com,Female
299,Emlyn,Dū Qal‘ah,eworsnap8a@mediafire.com,Male
300,Bevin,Mataloko,bbaggott8b@slate.com,Male
301,Emmi,Vyselki,ekippie8c@pbs.org,Genderfluid
302,Sigismondo,Mankoeng,sbogace8d@moonfruit.com,Genderfluid
303,Josepha,Bayt Ūmmar,jfrail8e@youku.com,Female
304,Halette,Sydney,hheggie8f@desdev.cn,Bigender
305,Gary,Mucuri,gfarrear8g@stumbleupon.com,Male
306,Carlie,Muesanaik,cchadbourne8h@nba.com,Male
307,Laney,Sitularang Landeuh,lharverson8i@columbia.edu,Female
308,Maryjo,Bourges,mnorssister8j@barnesandnoble.com,Female
309,Wilt,Kombissiri,whercock8k@github.io,Male
310,Cleo,Łubowo,ccammomile8l@redcross.org,Female
311,Harrison,Al Qanāţir al Khayrīyah,hfaraker8m@soup.io,Male
312,Lelia,San Bernardo,lzettoi8n@statcounter.com,Female
313,Sheryl,Taouloukoult,sobey8o@newyorker.com,Female
314,Allen,Qo’ng’irot Shahri,atootell8p@etsy.com,Male
315,Sandro,Huaguo,sbythway8q@wisc.edu,Male
316,Thom,Dongyu,treeks8r@ftc.gov,Male
317,Pren,Barreiros,pohone8s@about.me,Male
318,Fritz,Linxi,fplowman8t@edublogs.org,Male
319,Catrina,Cirangrang,chaggar8u@angelfire.com,Female
320,Pierre,Yanzhou,pbendig8v@jimdo.com,Male
321,Allsun,Codajás,amarjoribanks8w@bloglines.com,Female
322,Jennee,Mompach,jdandie8x@techcrunch.com,Female
323,Amabel,Lanjaghbyur,acurds8y@liveinternet.ru,Female
324,Pepe,Itabirito,pmurrigan8z@ftc.gov,Male
325,Lemuel,Patria,lgley90@umn.edu,Male
326,Erika,Pueblo Nuevo,edockreay91@typepad.com,Female
327,Abdul,Tikiw,alithgow92@mapquest.com,Male
328,Wilmar,Ifo,wleddie93@blogger.com,Male
329,Dena,Shadili,dgoodsir94@paginegialle.it,Female
330,Paolo,Roissy Charles-de-Gaulle,pleyburn95@tamu.edu,Male
331,Marius,Ulimonong,mvelez96@networksolutions.com,Male
332,Aurel,Nové Město pod Smrkem,agarnsworth97@indiatimes.com,Female
333,Uri,San Diego,ureap98@elegantthemes.com,Male
334,Bernadine,Wilamowice,bafield99@narod.ru,Female
335,Rodolph,Venilale,rallmann9a@ehow.com,Male
336,Genovera,Tiaodeng,gragge9b@aboutads.info,Female
337,Ferrell,Khulm,ffeldberg9c@jalbum.net,Male
338,Margeaux,Angan,mpiscotti9d@hibu.com,Female
339,Dee dee,Créteil,dgilardone9e@feedburner.com,Female
340,Giffie,Tasböget,gtruelove9f@mapy.cz,Male
341,Aggi,Yaozhanzi,acossons9g@phpbb.com,Female
342,Patti,Vypolzovo,pprator9h@nhs.uk,Female
343,Tilly,Oodweyne,thighwood9i@wired.com,Agender
344,Tyne,Ōfunato,tlumley9j@i2i.jp,Female
345,Cob,Rzozów,ccricket9k@mashable.com,Male
346,Brodie,Jirjā,bmccraine9l@twitpic.com,Male
347,Yale,Proboštov,ytappington9m@exblog.jp,Male
348,Jehu,Puerto Maldonado,jtwittey9n@apple.com,Male
349,Ethe,Sobreiro,eblumson9o@domainmarket.com,Male
350,Arabela,Fontenay-sous-Bois,amckeaveney9p@i2i.jp,Female
351,Amerigo,Kudus,aakeherst9q@goodreads.com,Male
352,Alaine,Shajing,ajeacop9r@free.fr,Female
353,Gae,Lumbangan,gdumini9s@wix.com,Female
354,Washington,Buurhakaba,wdaen9t@google.com,Male
355,Darb,Jinhe,dchrishop9u@about.com,Male
356,Ced,Azaruja,cpadgett9v@networksolutions.com,Male
357,Gloria,Palencia,gwinser9w@amazon.co.uk,Female
358,Neila,Kengyuan,ncutsforth9x@wikia.com,Female
359,Francesco,Sendangrejo,fcorse9y@google.fr,Male
360,Templeton,Ra-ngae,trudeyeard9z@hibu.com,Male
361,Jacinda,Sułkowice,jcranneya0@csmonitor.com,Genderqueer
362,Kippy,Sanjiazi,kjanoucha1@geocities.com,Male
363,Luella,Dubrovka,lstockowa2@bloglines.com,Genderfluid
364,Cindy,Linxi,cderrya3@ameblo.jp,Female
365,Quinton,Calmar,qkerwooda4@state.gov,Male
366,Eada,João Pinheiro,etwentymana5@csmonitor.com,Female
367,Marybelle,Nantai,mschiroka6@slate.com,Non-binary
368,Parker,Las Mesas,pcolreina7@japanpost.jp,Male
369,Rorke,Kedungkrajan,rgarlanta8@livejournal.com,Male
370,Michaela,Changyŏn,mginnalya9@yahoo.com,Female
371,Cort,Agualva,cpavelkaaa@msn.com,Male
372,Burg,Vahdat,bdeeringab@illinois.edu,Male
373,Marcelle,Darunban,msteelsac@redcross.org,Female
374,Marrissa,Sabanalarga,mrohlfsad@icio.us,Non-binary
375,Lorelle,Tunzhai,llattkaae@xrea.com,Female
376,Ally,La Esperanza,aeadaf@wikipedia.org,Female
377,Essie,Toulouse,ewhereatag@marketwatch.com,Female
378,Lawton,Yangchengzhuang,lpreedyah@clickbank.net,Male
379,Blayne,Gorgoram,bhatchardai@ovh.net,Male
380,Hamnet,Biliri,hwynneaj@list-manage.com,Male
381,Steven,Horní Jiřetín,sgawthropak@163.com,Male
382,Colan,Warmbaths,ccorainal@illinois.edu,Male
383,Herb,Beixin,hkroonam@youtube.com,Male
384,Brigitta,Dazu,bllelwelnan@tuttocitta.it,Female
385,Zack,Älvängen,zlowseleyao@gmpg.org,Male
386,Zed,Boé,zboullinap@buzzfeed.com,Male
387,Adela,Cibitung,astainfieldaq@telegraph.co.uk,Female
388,Nikolia,‘Uqayribāt,nfishar@princeton.edu,Female
389,Leeann,Metz,lsnoddonas@boston.com,Female
390,Haily,Skärhamn,hbageat@who.int,Genderfluid
391,Amy,Ciro Redondo,akaddau@cnet.com,Polygender
392,Patty,Jenzan,pstihlav@senate.gov,Polygender
393,Salli,Lubuagan,saubriaw@4shared.com,Female
394,Francklyn,Sai’erlong Xiang,faspinellax@google.it,Male
395,Bobbee,Isidro Fabela,bbrienay@jigsy.com,Female
396,Cos,Gālīkesh,caleksandrevaz@arstechnica.com,Male
397,Tremaine,El Suyatal,twoofendellb0@etsy.com,Male
398,Agosto,Sult,amoaklerb1@wiley.com,Male
399,Ronny,Opatowiec,rhugob2@google.co.uk,Female
400,Jephthah,Sv. Anton,jmiereb3@webmd.com,Male
401,Sigrid,Jiazhuang,sgoodingeb4@pbs.org,Female
402,Sancho,Ciloa,syashuninb5@umn.edu,Male
403,Vance,Arinos,vsavinb6@usa.gov,Male
404,Florencia,Naze,fcubberleyb7@cpanel.net,Genderfluid
405,Damita,Jiamiao,djustisb8@mayoclinic.com,Female
406,Augustine,Mendez-Nuñez,akubalekb9@microsoft.com,Male
407,Giacopo,Kastornoye,gmerrywetherba@cnn.com,Male
408,Lennard,Paris 20,lgiddenbb@epa.gov,Male
409,Retha,Houk,rfransemaibc@amazon.de,Female
410,Miller,San Nicolás,mcotteebd@smugmug.com,Male
411,Talya,Chamni,tgaynesbe@sogou.com,Female
412,Annabel,Berezniki,amontfortbf@canalblog.com,Genderfluid
413,Laurie,Pessac,lcarragherbg@comsenz.com,Male
414,Andeee,Naples,avassaybh@dot.gov,Female
415,Alphonse,Pokrovskoye-Streshnëvo,amerwoodbi@facebook.com,Male
416,Breena,San Miguel de Cauri,bseilerbj@sakura.ne.jp,Female
417,Elnora,Bulakgebang,ehullettbk@cargocollective.com,Agender
418,Muire,Protvino,mingerithbl@tmall.com,Bigender
419,Rozina,Dolinsk,rkiendlbm@shareasale.com,Female
420,Hillery,Čerčany,hbarkebn@yellowpages.com,Bigender
421,Deedee,Drezdenko,ddownsebo@w3.org,Female
422,Bili,Mufumbwe,bbillebp@cnn.com,Non-binary
423,Evelin,Pyhäjoki,ebaronbq@census.gov,Male
424,Marys,Shamkhor,mbonhambr@ted.com,Female
425,Carleton,Korfovskiy,cgoldupbs@dot.gov,Male
426,Krishnah,Jianghua,kprisebt@mapy.cz,Male
427,Alexis,Sydney,adinesbu@wsj.com,Male
428,Eryn,La Condamine,eholstonbv@domainmarket.com,Female
429,Sibby,Sindangsari,smacdonaghbw@tuttocitta.it,Female
430,Bobby,Gunungmenang,bsnelgarbx@spiegel.de,Male
431,Quintus,Göteborg,qzukerby@loc.gov,Male
432,Renata,Västra Frölunda,rarstallbz@microsoft.com,Female
433,Ryan,Patayac,rrebbeckc0@imdb.com,Male
434,Maxie,Eirado,mcorcutc1@msn.com,Male
435,Everard,Novovolyns’k,ebreckellc2@a8.net,Male
436,Vernice,Xiongchi,vkemptonc3@umich.edu,Female
437,Carol-jean,Sunagawa,ciacopinic4@foxnews.com,Female
438,Lemmie,Shijie,lkellowayc5@oakley.com,Male
439,Morgun,Colcabamba,mstedmanc6@nih.gov,Male
440,Merrill,Kostanay,mcoilc7@time.com,Male
441,Gabe,Patos Fshat,gmuttonc8@elpais.com,Male
442,Hussein,Krutaya Gorka,htattersillc9@domainmarket.com,Male
443,Joane,Algueirão,jspeedingca@photobucket.com,Female
444,Phaidra,Santa Rosa de Lima,phoundsoncb@soup.io,Female
445,Robby,Santander,rhuotcc@opera.com,Female
446,Aggie,Shatian,aoflannerycd@1und1.de,Female
447,Robinet,Al Qāmishlī,rprickettce@netscape.com,Genderqueer
448,Hugo,Saku,hmarrittcf@hibu.com,Male
449,Candide,Fenghuangshan,creubencg@bloglovin.com,Female
450,Ephraim,Mary,efeldsteinch@wikia.com,Genderqueer
451,Aaren,Szczurowa,aalekhovci@tripod.com,Female
452,Moise,Xichang,molyetcj@wufoo.com,Male
453,Guillema,Popovo,gblasiusck@epa.gov,Female
454,Gypsy,Jialu,gmatzeitiscl@blogger.com,Female
455,Helaina,Campechuela,hmcfaulcm@europa.eu,Female
456,Hildagarde,Jifeng,hshapirocn@chron.com,Female
457,Jean,Topeka,jbredburyco@theglobeandmail.com,Female
458,Mandy,Hongshanyao,mbrayfieldcp@macromedia.com,Female
459,Grier,Heshui,gpiwellcq@nifty.com,Female
460,Edik,Stavropol’,ewetherbycr@psu.edu,Male
461,Lutero,Toyoshina,lkorneichukcs@un.org,Male
462,Rena,Philadelphia,rshorlandct@chronoengine.com,Female
463,Wilden,Al Masallamiyya,wguswellcu@unc.edu,Agender
464,Silvan,Chepo,spignecv@usgs.gov,Male
465,Leeann,Macaíba,lchampneycw@jigsy.com,Female
466,Kerby,Kachkanar,kbeaviscx@businessweek.com,Male
467,Ange,Shimabara,asymingtoncy@businessinsider.com,Male
468,Merill,Pesek,mmcalesscz@paginegialle.it,Male
469,Emilie,Klatakan,eblaaschd0@newyorker.com,Female
470,Lazare,Kallíthiron,ltolworthied1@nsw.gov.au,Male
471,Dahlia,Abomey-Calavi,dcurzeyd2@google.co.uk,Female
472,Candi,Pavlovskaya,ccustd3@sitemeter.com,Female
473,Aggy,Brody,awollerd4@google.cn,Female
474,Shaylyn,Lerum,scovottod5@merriam-webster.com,Female
475,Leonora,Ojo de Agua,lsiddeled6@discuz.net,Female
476,Brit,Tawangrejo,btettherd7@mapquest.com,Female
477,Angy,Xilian,alandegd8@tamu.edu,Female
478,Heinrick,Kefang,hbrassilld9@naver.com,Bigender
479,Blanch,Orda,bwarreda@stanford.edu,Female
480,Jayme,Kalidawir,jstrankdb@mashable.com,Male
481,Garreth,Minokamo,gdowlingdc@last.fm,Non-binary
482,Devonne,Chernomorets,dmasedondd@dagondesign.com,Female
483,Reine,Baitashan,rwoodheadde@go.com,Female
484,Steffen,Sayang Lauq,sjamisondf@newsvine.com,Male
485,Olenolin,Vale de Madeiros,osallerdg@mashable.com,Male
486,Huntington,Aldeia,hmonikerdh@huffingtonpost.com,Male
487,Lowrance,Marihatag,lquittondendi@ifeng.com,Male
488,Wilfrid,Piedrancha,wspringettdj@technorati.com,Male
489,Lucias,Kiraman,lkondratdk@prnewswire.com,Male
490,Lucienne,Jefferson City,lhenriquetdl@wordpress.org,Bigender
491,Junina,Vale da Pedra,jhughlanddm@furl.net,Female
492,Mellisent,Aughrim,mlydondn@ebay.com,Female
493,Eben,Tiandian,ehovelldo@plala.or.jp,Male
494,Hagen,Chornomors’ke,hhaberfielddp@hexun.com,Male
495,Neil,As Suwaydā’,nsieharddq@lycos.com,Non-binary
496,Chrisse,Springfield,chatliffedr@sun.com,Male
497,Roth,Gogaran,rburstowds@123-reg.co.uk,Male
498,Billy,Lungaog,bvarnedt@cbc.ca,Female
499,Ashbey,Pindushi,ahatchelldu@sphinn.com,Male
500,Fabiano,Al Ḩarf,fcrippindv@bandcamp.com,Male
501,Faydra,Ngulung Wetan,fnolidw@elpais.com,Female
502,Jereme,Neochórion,jvandrilldx@stanford.edu,Male
503,Kerby,Vershino-Shakhtaminskiy,kmuzzollody@squarespace.com,Male
504,Bria,Novogornyy,bcollocottdz@umn.edu,Female
505,Kissiah,Tarnowskie Góry,khemblinge0@aboutads.info,Female
506,Henderson,Bojongnangka,hbonafacinoe1@amazon.com,Male
507,Addia,Xinbu,ashelbournee2@xing.com,Female
508,Andria,Balud,ascatharde3@storify.com,Genderqueer
509,Maurine,Tambillo,mcuminee4@tamu.edu,Female
510,Darius,Rychvald,dbonehame5@google.com.hk,Male
511,Raffarty,Ujmisht,rmcmechane6@deliciousdays.com,Male
512,Wilfrid,Glugur Krajan,wbigrigge7@symantec.com,Male
513,Colman,Suci Kaler,ckorese8@51.la,Male
514,Mel,Lityn,mtapnere9@last.fm,Female
515,Saleem,Khokhryaki,sscurryea@sogou.com,Male
516,Christa,Inanwatan,csandelandeb@washingtonpost.com,Female
517,Iolanthe,Concepción,itimoneyec@miibeian.gov.cn,Female
518,Symon,Owode,stivoliered@apple.com,Male
519,Kissiah,Mexico,kduckhamee@geocities.com,Female
520,Marsha,Qorovulbozor,mtudoref@usgs.gov,Female
521,Danni,Comilla,dnutteyeg@webs.com,Female
522,Daryl,Dobratice,dancliffeeh@studiopress.com,Male
523,Shurlock,La Libertad,sricketei@mozilla.com,Male
524,Nicol,Ożarów,nbriarsej@huffingtonpost.com,Male
525,Magda,Qiryat Shemona,mmacevillyek@prnewswire.com,Female
526,Helen-elizabeth,Brodek u Přerova,hlangtreeel@arstechnica.com,Female
527,Lily,Zhengchang,loxboroughem@netscape.com,Female
528,Muffin,Mueang Suang,mevansonen@friendfeed.com,Male
529,Aylmer,Rathwire,abartolijneo@prlog.org,Male
530,Gabriele,Shouxihu,gscarbarrowep@moonfruit.com,Male
531,Eugenia,Sindangrasa,etomasekeq@4shared.com,Female
532,Tansy,Mayskiy,thiscoeer@webmd.com,Female
533,Aguste,Kramsk,alugsdines@scientificamerican.com,Genderfluid
534,Letti,Zhongyuan,ldunstoneet@people.com.cn,Female
535,Roxi,Chile Chico,rabbayeu@hugedomains.com,Female
536,Raul,Bastak,rogbourneev@pagesperso-orange.fr,Male
537,Lia,Bytkiv,lmccaughenew@nsw.gov.au,Female
538,Ilene,Makadi Bay,iprobetex@phpbb.com,Female
539,Millisent,Ngenden,mgilkisoney@washington.edu,Female
540,Britney,Sintra,bdufaurez@webnode.com,Female
541,Ida,Man,ilabellf0@pcworld.com,Genderfluid
542,Ephrem,Novoselë,ebanglef1@columbia.edu,Male
543,Robbyn,Baitu,rspeerf2@topsy.com,Female
544,Toiboid,Morrelgonj,toppief3@last.fm,Male
545,Jude,Mbaïki,jcostenf4@sakura.ne.jp,Male
546,Shannah,San Jose,ssetterthwaitf5@list-manage.com,Female
547,Desiri,Tejen,dpfeufferf6@yale.edu,Female
548,Addi,Hexi,amcgilvrayf7@sina.com.cn,Female
549,Noell,Murcia,ngillinghamsf8@psu.edu,Female
550,Enrico,Atlanta,espiringf9@cam.ac.uk,Agender
551,Wyndham,Trâu Quỳ,wmeekingsfa@ca.gov,Male
552,Davita,Dujuuma,dcottisfordfb@about.me,Female
553,Margit,Hefei,mbartusekfc@aboutads.info,Female
554,Ashlin,Auriflama,apatrichefd@sitemeter.com,Genderfluid
555,Zared,Chisht-e Sharīf,zflorentinefe@themeforest.net,Male
556,Marve,Penha Longa,mwrighthamff@bloglines.com,Male
557,Gregorio,Fartura,gbiggamfg@noaa.gov,Genderfluid
558,Etta,Bronx,eplowmanfh@sakura.ne.jp,Female
559,Borden,Houping,bwhearfi@yolasite.com,Male
560,Edna,Lembung Tengah,esiudafj@people.com.cn,Female
561,Giulia,Santo Domingo Este,gchickfk@soup.io,Female
562,Filmer,Dogonbadan,fbuerfl@google.com.au,Male
563,Marcelo,Jiancha,mnorcottfm@unesco.org,Bigender
564,Konstanze,Gagarin,kcaullierefn@umich.edu,Female
565,Ondrea,Jampang Tengah,ohuygensfo@about.me,Female
566,Emery,Plalar,erosenstockfp@123-reg.co.uk,Male
567,Elsa,Paris 06,ebenduhnfq@jiathis.com,Female
568,Millie,Novi Kneževac,mcuttelarfr@odnoklassniki.ru,Female
569,Claretta,Sagasa,cissacovfs@google.ca,Female
570,Josselyn,Gračec,jpepperdft@go.com,Female
571,Kai,Guagua,ktallowfu@flavors.me,Female
572,Ruthann,Rossosh’,rhassellfv@prnewswire.com,Female
573,Danna,Nkoteng,dklebesfw@altervista.org,Non-binary
574,Terra,Beiping,tmalamfx@biblegateway.com,Female
575,Drud,Cikalong,dboothfy@google.nl,Male
576,Alano,Ipoh,amulvanyfz@rambler.ru,Male
577,Zack,Los Angeles,zionnidisg0@apache.org,Male
578,Astrix,Nong Ruea,acheesmang1@wired.com,Female
579,Timofei,Barras,tbrowneg2@mail.ru,Male
580,Ozzy,Dobrich,omeaderg3@narod.ru,Male
581,Igor,Gobernador Costa,igrumleyg4@businessinsider.com,Male
582,Alys,Dongguan,aseelerg5@twitter.com,Female
583,Cahra,Heka,cpinniong6@tripod.com,Female
584,Eulalie,Saint-Denis,ebettisong7@usatoday.com,Female
585,Baxie,Zelenogradsk,besmondg8@parallels.com,Agender
586,Maxim,Carcar,mshillg9@ox.ac.uk,Male
587,Marlo,Alvaro Obregon,mflaggga@howstuffworks.com,Female
588,Garrott,Stockholm,ghollowgb@nature.com,Male
589,Meredeth,Yiyang,mkelceygc@istockphoto.com,Male
590,Luther,Gines-Patay,lsummersettgd@ustream.tv,Male
591,Nady,Lebedyn,nmoylege@netlog.com,Female
592,Roobbie,Sarmanovo,rjerromegf@freewebs.com,Female
593,Judye,Erba,jbeadesgg@wired.com,Female
594,Reed,Meadow Lake,rdungeegh@meetup.com,Male
595,Jeremiah,Jiblah,jbattsgi@sohu.com,Male
596,Filmer,Campos Gerais,fsibraygj@ow.ly,Male
597,Remy,Jaroměřice,rtadlowgk@freewebs.com,Female
598,Yardley,Venlo,yharbordgl@disqus.com,Male
599,Scarlet,Reims,sgrelikgm@prnewswire.com,Female
600,Nolana,Nangka,nbroegn@ted.com,Female
601,Ansley,Bato,alohoargo@1und1.de,Female
602,Mickie,Comilla,mbrumheadgp@businessinsider.com,Male
603,Onfroi,New York City,odimentgq@ca.gov,Male
604,Glynnis,Guandu,gscracegr@earthlink.net,Female
605,Gisele,Thị Trấn Ngan Dừa,gjennaroygs@fda.gov,Female
606,Garrot,Novoul’yanovsk,gpirelligt@adobe.com,Male
607,Hillel,Moutas,hvearegu@usgs.gov,Non-binary
608,Willi,Hanting,wmazzeogv@tripod.com,Female
609,Travis,Karukh,tmcalessgw@boston.com,Male
610,Patrick,Trinidad,psleichtgx@abc.net.au,Male
611,Nananne,Aráchova,nsouthamgy@dyndns.org,Female
612,Clementius,Phoenix,ccrecygz@cdc.gov,Male
613,Dyan,Siruma,daubryh0@uol.com.br,Agender
614,Shaun,Juan Santiago,sbullerh1@indiatimes.com,Female
615,Hube,Titiakar,hvinallh2@gmpg.org,Male
616,Yasmin,Tartu,yhaweh3@myspace.com,Female
617,Gretta,Potou,gcolloph4@cnn.com,Female
618,Lyle,Acajutla,ltewelsonh5@google.es,Male
619,Abrahan,Demak,aadvanih6@miitbeian.gov.cn,Male
620,Calli,Jundiaí,cgoorh7@soundcloud.com,Female
621,Corrinne,Maevatanana,cdomonih8@flickr.com,Bigender
622,Diann,Del Rosario,dspacieh9@si.edu,Genderqueer
623,Cecilio,Mopipi,ccogginha@nytimes.com,Male
624,Chancey,Bystrytsya,cdallanderhb@dot.gov,Male
625,Linn,New Pandanon,lborsnallhc@pcworld.com,Male
626,Frederic,Samoš,fweddeburnscrimgeourhd@nationalgeographic.com,Male
627,Henry,Al Mughayyir,hsealyhe@ehow.com,Male
628,Sally,Villa Ángela,sclynterhf@dropbox.com,Female
629,Walther,Duko,whessenthalerhg@indiatimes.com,Male
630,Maighdiln,Cikembar,mpeggremhh@t.co,Female
631,Anjela,Pueblo Nuevo Viñas,aessamehi@arstechnica.com,Female
632,Urson,Nong Khae,upiotrhj@hud.gov,Male
633,Kacy,Kunjāh,khovellhk@ifeng.com,Female
634,Curtis,Santa Maria,cedworthyhl@baidu.com,Male
635,Waylon,Delães,wschruurhm@trellian.com,Male
636,Tally,Boto,tevetthn@bravesites.com,Male
637,Prentice,Sulechów,plongoho@nifty.com,Male
638,Betteanne,Paojan,bcauldwellhp@princeton.edu,Female
639,Gale,Nuquí,gmcneishhq@diigo.com,Male
640,Raf,Amio,rminchihr@phpbb.com,Female
641,Horace,Gagah,hworledgehs@google.co.uk,Male
642,Cobb,Ulluaya,challowesht@surveymonkey.com,Male
643,Bonnie,Tsalka,bdominohu@newyorker.com,Female
644,Ariella,Le Lamentin,agwatkinhv@businessweek.com,Female
645,Ivonne,Железный порт,igerishhw@bravesites.com,Female
646,Sebastian,Erong,sdebellhx@altervista.org,Male
647,Lamar,Zhaogezhuang,lbennerhy@mit.edu,Male
648,Abdul,San Pedro Pinula,aeplatehz@uiuc.edu,Male
649,Davie,Jia’an,dsterndalei0@nih.gov,Male
650,Carmine,Antipolo,chaningtoni1@cam.ac.uk,Male
651,Coreen,Chunhu,candriesseni2@va.gov,Female
652,Shayne,Shalamzār,svidloci3@craigslist.org,Male
653,Caryl,Real,cbroweri4@wikia.com,Female
654,Lindsay,Kiyawa,lsallnowi5@latimes.com,Female
655,Bobbie,El Paraiso,bmarchandi6@webeden.co.uk,Male
656,Zacharias,Chigasaki,zpenteloi7@eepurl.com,Male
657,Cary,Kafr al Labad,cdowsingi8@admin.ch,Female
658,Prentice,Cullalabo del Sur,pdumbeltoni9@psu.edu,Polygender
659,Ashien,Baicheng,awigelsworthia@wp.com,Female
660,Ricki,Esperanza,rfoundsib@wp.com,Male
661,Salmon,Kubangsari,sfilasovic@nyu.edu,Male
662,Nanine,Gaoyi,nrabatid@virginia.edu,Female
663,Giovanna,Phú Khương,gbirdwhistleie@sina.com.cn,Female
664,Marlin,Jega,mforseyif@zdnet.com,Male
665,Perry,‘Irbīn,pmoratig@w3.org,Male
666,Wendeline,Chambéry,wclineih@va.gov,Non-binary
667,Floria,Yuelai,fheldii@chicagotribune.com,Female
668,Ahmed,Kayasula,acockhillij@goodreads.com,Male
669,Raynard,Donghe,rhuelinik@clickbank.net,Male
670,Gauthier,Vershino-Shakhtaminskiy,gdelahuntyil@mayoclinic.com,Male
671,Genevra,São Pedro,gfroomim@census.gov,Female
672,Hillard,Tân Châu,hgellandin@fastcompany.com,Male
673,Amanda,Bungkal,avesqueio@nba.com,Genderfluid
674,Ilyse,Le Lamentin,iaberhartip@qq.com,Female
675,Mag,Montaigu,mkiehneiq@php.net,Female
676,Annmarie,Grebnevo,abolleyir@mail.ru,Female
677,Paquito,Paris 09,pkeohaneis@wikimedia.org,Male
678,Rhody,Citampian,rpayntonit@squidoo.com,Female
679,Ted,Hwaseong-si,tcabralesiu@google.co.jp,Female
680,Dyan,Jimeta,dtroddiv@sourceforge.net,Female
681,Norton,Aomori Shi,nfrancombiw@cpanel.net,Male
682,Alfy,Mirkovci,akiralyix@seattletimes.com,Male
683,Micki,Huagang,mlenormandiy@multiply.com,Female
684,Zedekiah,Kosai-shi,zfansyiz@privacy.gov.au,Male
685,Ring,Buyant,rmacraej0@symantec.com,Male
686,Shelia,Banjar Wates Tengah,ssoamej1@discuz.net,Female
687,Ellery,Satte,echeekej2@dailymail.co.uk,Male
688,Dicky,Zaliznychne,dhurdidgej3@auda.org.au,Male
689,Taylor,Cikeper,tcowapj4@wikimedia.org,Male
690,Denys,Tanghu,dmakeyj5@go.com,Female
691,Fiona,Lantian,fvernj6@last.fm,Female
692,Robinett,Apurawan,rmcpharlainj7@google.de,Female
693,Genny,Maceo,gsteedj8@alibaba.com,Female
694,Chick,Agen,cmurisj9@tinypic.com,Male
695,Constantin,Pitangueiras,cflemyngja@ezinearticles.com,Non-binary
696,Stevie,Roma,sphebeyjb@telegraph.co.uk,Male
697,Sancho,Novouzensk,smountlowjc@goo.ne.jp,Male
698,Roseline,Kota Kinabalu,rconstantinejd@networkadvertising.org,Female
699,Marcus,Taling Chan,mquarrieje@washingtonpost.com,Male
700,Sanders,Maguan,skerrjf@linkedin.com,Male
701,Cathie,Priargunsk,ckopecjg@cbsnews.com,Female
702,Brady,Koten,bcanetejh@seesaa.net,Male
703,Thibaud,Gasi,tpalesji@dropbox.com,Male
704,Shurwood,Ngã Bảy,sastleyjj@scribd.com,Male
705,Georgie,Itamarandiba,ganettsjk@nasa.gov,Male
706,Igor,Cournon-d'Auvergne,ievensjl@state.gov,Male
707,Delano,Korenëvo,dcoppingjm@dailymail.co.uk,Male
708,Geri,Santa Cruz,gharsentjn@biblegateway.com,Male
709,Bellina,Harian,baxworthyjo@samsung.com,Female
710,Rudiger,Ngangguk,rbuxcyjp@google.pl,Male
711,Clarance,Zhangjiayuan,civoryjq@technorati.com,Male
712,Clark,Kotel’va,ctuppjr@cbc.ca,Male
713,Faina,Xiaoshi,fwhitmorejs@yandex.ru,Female
714,Douglas,Barayong,dallottjt@examiner.com,Male
715,Griz,Vallentuna,gtownrowju@shop-pro.jp,Male
716,Alair,Matala,aveyseyjv@seesaa.net,Male
717,Chrisse,Texíguat,ccoppojw@tamu.edu,Male
718,Blondelle,Velké Meziříčí,bstealyjx@nature.com,Female
719,Nikolia,Río Campo,nfikejy@gnu.org,Female
720,Penny,Xinying,phustonjz@jalbum.net,Female
721,Sergio,Xingou,skitchingmank0@php.net,Male
722,Zaria,Nsukka,zmatysikk1@yahoo.com,Female
723,Iris,Geshan,iruzickak2@time.com,Bigender
724,Calley,Kłomnice,ciliffek3@noaa.gov,Female
725,Vicki,Canmang,vshillittok4@goodreads.com,Female
726,Shay,Baranusa,scoltk5@vistaprint.com,Female
727,Kris,Orodo,khowisk6@sun.com,Male
728,Avrom,Ágios Efstrátios,ajopek7@marketwatch.com,Male
729,Emmanuel,Nizhnyaya Omka,esanchisk8@twitpic.com,Male
730,Duky,Xue’an,dclaremontk9@dedecms.com,Male
731,Francklyn,Kongolo,fseymarkka@google.com.hk,Male
732,Gordy,Tanjiaqiao,gjennokb@sun.com,Male
733,Krista,Alistráti,kwillimotkc@ovh.net,Female
734,Rich,Oued Laou,rhammerbergerkd@webeden.co.uk,Male
735,Tan,Forquilhinha,tbackshallke@mediafire.com,Male
736,Ofelia,Bela Vista do Paraíso,osealeykf@samsung.com,Bigender
737,Catlin,San Juan Atitán,ckiddkg@twitter.com,Female
738,Faith,Bingfang,fmillenkh@irs.gov,Female
739,Isidora,Bailingnao,ifergusonki@friendfeed.com,Female
740,Lyn,Rîbniţa,lmariakj@dagondesign.com,Male
741,Marthena,Hezheng Chengguanzhen,mscarsbrookkk@ow.ly,Female
742,Park,Myanaung,pblumsonkl@umich.edu,Male
743,Everett,Numeto,ebeggankm@aol.com,Male
744,Tedie,Kisangani,tmckernonkn@springer.com,Male
745,Crosby,Mabiton,cprestidgeko@microsoft.com,Male
746,Rivy,Sampagar,rlambellkp@comsenz.com,Polygender
747,Constantina,Pakemitan,csimchenkokq@telegraph.co.uk,Female
748,Elana,Bicaj,eyitzoviczkr@google.co.uk,Female
749,Warden,Shitong,wstuehmeierks@tiny.cc,Male
750,Farlee,Voronkov,fheritegekt@ovh.net,Male
751,Cosme,Korem,ccossingtonku@tinypic.com,Male
752,Jane,Loakulu,jbailleskv@census.gov,Female
753,Jessie,Aldeia,jnairnkw@epa.gov,Female
754,Caesar,Tungipāra,cgoldbournkx@oracle.com,Male
755,Sally,Budta,sbinesteadky@prweb.com,Female
756,Gennie,Poddębice,gdavleykz@w3.org,Female
757,Purcell,Żabno,pyerrelll0@rakuten.co.jp,Male
758,Jocko,Hengshui,jisaksonl1@sciencedirect.com,Male
759,Blaine,Tempe,bebbittl2@apache.org,Male
760,Jerry,Thị Trấn Mường Lát,jfancettl3@google.co.uk,Male
761,Cecilia,Petrodvorets,cheritegel4@360.cn,Female
762,Darryl,Bhakkar,dandryushinl5@admin.ch,Male
763,Derron,Navashino,ddennissl6@livejournal.com,Male
764,Sibbie,Pinoma,saudrittl7@answers.com,Female
765,Waldemar,San Jose Village,wbramsenl8@ebay.co.uk,Male
766,Errick,Yongfeng,etuckettl9@webnode.com,Polygender
767,Tulley,Ilihan,tmcanellyela@joomla.org,Male
768,Jasper,Vista Hermosa,jmorforthlb@princeton.edu,Male
769,Rochester,Orzesze,rlegallolc@weebly.com,Male
770,Nilson,Guará,nhunnisettld@goo.ne.jp,Male
771,Lottie,Rožaje,lbastianle@netvibes.com,Female
772,Hedi,Shushenskoye,hwrinchlf@pinterest.com,Female
773,Janina,Buenavista,jbishelllg@dagondesign.com,Female
774,Amandie,Baqiao,ashayeslh@xing.com,Agender
775,Ilario,Jönköping,isydeli@xing.com,Male
776,Nathan,Uga,nantonionilj@tumblr.com,Male
777,Brodie,Bitanjuan,bdelhantylk@hibu.com,Male
778,Susanetta,Nova Praha,ssongestll@google.it,Female
779,Jephthah,Berovo,jtommasilm@sakura.ne.jp,Male
780,Gretchen,Bokkos,gmyrtleln@woothemes.com,Female
781,Norbie,Pulau Pinang,njobbinslo@weather.com,Male
782,Jimmie,5 de Mayo,jsewartlp@sogou.com,Male
783,Boniface,Kingston,btimmermannlq@blogger.com,Male
784,Rochelle,Ambelókipoi,rfindlaterlr@ow.ly,Non-binary
785,Marty,Wola Uhruska,moutibridgels@prlog.org,Male
786,Austin,Dankalwa,acarrelllt@surveymonkey.com,Male
787,Heath,Pingtian,hgateclifflu@epa.gov,Male
788,Scarface,Vidnoye,sdwightlv@mit.edu,Male
789,Fayre,Koloniya Zastav’ye,fraselleslw@state.gov,Female
790,Goldia,Şūrān,gbaudouinlx@comcast.net,Female
791,Milly,Itabuna,mmcgawnly@vistaprint.com,Female
792,Beale,Priyutovo,bprobacklz@hugedomains.com,Male
793,Tamar,Bin Yauri,twellardm0@cpanel.net,Female
794,Malcolm,Kibiya,marmitm1@comsenz.com,Male
795,Bear,Frashër,bbloxamm2@google.com.au,Genderqueer
796,Agretha,Kafr Zaytā,anorledgem3@tumblr.com,Female
797,Bianka,Drawno,bbritianm4@t.co,Female
798,Murdoch,Kangar,moboylem5@wisc.edu,Male
799,Alano,Calubcub Dos,acrimpm6@webmd.com,Polygender
800,Chuck,Guruafin,cpoguem7@networkadvertising.org,Male
801,Jermaine,Pran Buri,jroystonm8@jimdo.com,Male
802,Candra,Vakhtan,cenriquesm9@bbb.org,Genderqueer
803,Meryl,Talambung Laok,mvasserma@alexa.com,Female
804,Aundrea,Kabulusan,ahartburnmb@angelfire.com,Female
805,Lynnelle,Rosetta,lrobshawmc@theguardian.com,Female
806,Keefer,Miribanteng,kdunkleymd@eepurl.com,Bigender
807,Jaymee,Guanting,jettelsme@shutterfly.com,Female
808,Veda,Yongchuan,vsouthardmf@yellowbook.com,Female
809,Malynda,Cruz del Eje,mlintillmg@reverbnation.com,Female
810,Kordula,Mełgiew,knutleymh@google.com.br,Female
811,Lek,Kauhava,lpideonmi@dmoz.org,Male
812,Lorri,Maxixe,lhateleymj@ask.com,Female
813,Tommi,Mandalt,tbesquemk@google.co.uk,Genderfluid
814,Ninetta,Brengkok,nmcgallml@archive.org,Female
815,Tabina,Três Passos,tclapisonmm@mtv.com,Female
816,Leonidas,Puerto Rico,lklostermn@purevolume.com,Male
817,Salomone,Kokas,sprendergastmo@biglobe.ne.jp,Male
818,Rockwell,Jaqué,rbirtwistlemp@pbs.org,Male
819,Lawrence,Duobao,lortonmq@go.com,Male
820,Fitz,Xijiao,fstroyanmr@blogs.com,Male
821,Clara,Liutao,cizsakms@youtu.be,Female
822,Cristine,Quế Sơn,cguildmt@ibm.com,Female
823,Barbabra,San Jorge,beversonmu@toplist.cz,Female
824,Donavon,Sitabamba,daustinmv@technorati.com,Male
825,Magdalen,Balekambang,mceelymw@engadget.com,Female
826,Cecil,Tālīn,coertzenmx@dedecms.com,Agender
827,Tedman,Yuping,tmaslinmy@usnews.com,Male
828,Clementine,Oesena,cbuxsymz@topsy.com,Female
829,Hewitt,Carhuamayo,howern0@de.vu,Male
830,Demetris,Yumbo,dniblockn1@imageshack.us,Male
831,Gayler,Lingmen,grettien2@wikipedia.org,Male
832,Tommy,Konibodom,themphalln3@auda.org.au,Female
833,Derrik,Parrita,ddrennann4@liveinternet.ru,Male
834,Silvano,Garajati,srockliffen5@army.mil,Male
835,Mile,Real,msivornn6@hostgator.com,Male
836,Verney,Aş Şūrah aş Şaghīrah,vbooelnn7@army.mil,Male
837,Matthias,Lindong,mclaraen8@globo.com,Male
838,Gaspar,Kuala Terengganu,gstruten9@networkadvertising.org,Male
839,Brooke,Florencia,buccellona@topsy.com,Male
840,Larry,Ayna,ljirucanb@ibm.com,Male
841,Janaye,Likiep,jskipperbottomnc@netvibes.com,Genderfluid
842,Burlie,Huolongmen,bvallerinend@gnu.org,Male
843,Matthiew,Nogoonnuur,mayshne@netlog.com,Male
844,Hans,Hiseti,hcolbornnf@newsvine.com,Male
845,Conny,Sacramento,cschofflerng@cam.ac.uk,Female
846,Maryjo,Hollola,msancroftnh@yahoo.com,Female
847,Nikki,Wuxi,nsireyni@berkeley.edu,Male
848,Baxie,Dún Laoghaire,brentenbecknj@accuweather.com,Male
849,Hastie,Itsandzéni,hcolbridgenk@utexas.edu,Male
850,Shayne,Xian’an,smassernl@wordpress.org,Female
851,Hortense,Kafr Thulth,hrozsanm@answers.com,Agender
852,Keefer,Stockholm,kmayhonn@csmonitor.com,Male
853,Diarmid,Port-Vila,dsatterleeno@gov.uk,Male
854,Chrisse,Limmared,cfreeburynp@bbb.org,Male
855,Riki,Azovo,rblowesnq@hc360.com,Female
856,Aloysia,New York City,agutsellnr@constantcontact.com,Female
857,Brendon,Malinao,bscohierns@irs.gov,Male
858,Selena,San Vicente,ssturgessnt@cafepress.com,Female
859,Pearline,Gadingrejo,pbatternu@wufoo.com,Female
860,Benjie,Guangfu,btalloenv@mapquest.com,Male
861,Nikkie,Pryluky,ncandeynw@cargocollective.com,Female
862,Ilario,Hakodate,iborzonenx@noaa.gov,Genderqueer
863,Hadlee,Shali,hbuggeny@ca.gov,Male
864,Tim,Consolación del Sur,thallfordnz@ovh.net,Male
865,Keriann,Niepos,kstedello0@constantcontact.com,Female
866,Solomon,Öldziyt,sgoatero1@theatlantic.com,Male
867,Sara-ann,Cacequi,salonsoo2@vimeo.com,Female
868,Priscella,Cabuyao,psimnoro3@miitbeian.gov.cn,Female
869,Brose,Bungkal,bjolino4@irs.gov,Male
870,Johnette,Nguken,jdasho5@hhs.gov,Female
871,Gerry,Zelenogorsk,gdanahero6@spiegel.de,Male
872,Ray,Nyachera,rgageo7@arizona.edu,Male
873,Marcellus,Ningchegu,mlovicko8@marketwatch.com,Male
874,Kesley,Léchovo,kcompforto9@google.com.hk,Female
875,Hughie,Avignon,hhedneyoa@columbia.edu,Male
876,Misha,Fuenlabrada,mparkhouseob@google.it,Bigender
877,Adelheid,Sychëvo,acotmoreoc@technorati.com,Genderfluid
878,Gray,Aminga,gbrouwerod@china.com.cn,Male
879,Stefanie,Kasli,scecchioe@diigo.com,Female
880,Colet,Tebingtinggi,cbertomierof@noaa.gov,Male
881,Nadean,Saint-Jean-de-Luz,nbanvilleog@reddit.com,Female
882,Liam,Kornyn,lheatlieoh@google.com.br,Male
883,Lester,Vyzhnytsya,ldorrelloi@shinystat.com,Male
884,Shawna,Caronoan West,sborkettoj@foxnews.com,Female
885,Hamlen,Dongdu,hdantesiaok@mayoclinic.com,Male
886,Hansiain,Spitak,hbraunol@webs.com,Genderqueer
887,Arv,Cimadang,aendicottom@fotki.com,Male
888,Sara-ann,Daojiang,sslateon@dell.com,Female
889,Ronica,Chaoyangdong,rgwillymoo@webeden.co.uk,Female
890,Charmine,Maricá,cfoynesop@flickr.com,Female
891,Eveline,Porto Alto,evereckeroq@bluehost.com,Female
892,Hunt,Songea,hbraysonor@youku.com,Male
893,Lucien,Satte,lcharkhamos@com.com,Male
894,Zelig,Al Azraq ash Shamālī,zdalliwaterot@sitemeter.com,Male
895,Bria,Ciudad Darío,byarrellou@yelp.com,Female
896,Eadith,La Virtud,ebowenov@dailymotion.com,Polygender
897,Dallis,Sijiu,dwildesow@ebay.com,Male
898,Zeb,Helmsange,zcusickox@surveymonkey.com,Male
899,Oren,Dolní Bečva,oosbourneoy@msn.com,Male
900,Shirl,Hlyboka,sbanfordoz@woothemes.com,Female
901,Burch,Guandukou,bsneathp0@ameblo.jp,Male
902,Bondy,Mao,beglintonp1@apache.org,Male
903,Ossie,Teluk Pinang,odorianp2@economist.com,Male
904,Gerrard,Jinjiang,gdoramp3@gnu.org,Male
905,Janel,Środa Wielkopolska,jlenzp4@naver.com,Female
906,Shaughn,Žulová,sjustunp5@prnewswire.com,Male
907,Cybill,Krzemienica,cdipietrop6@w3.org,Female
908,Sylvan,Yinghai,sfalconerp7@springer.com,Male
909,Franky,Solna,fgodlemanp8@yellowpages.com,Female
910,Rosabelle,Verkhniye Achaluki,rbrownettp9@vinaora.com,Female
911,Cleon,Zelmeņi,cjobbingspa@networkadvertising.org,Bigender
912,Mavra,Santa Helena,mjurekpb@senate.gov,Female
913,Brear,Cácota,bpeterapc@wikispaces.com,Female
914,Abbie,Lý Sơn,amcfaellpd@xing.com,Male
915,Jozef,Viana,jleaderpe@dyndns.org,Male
916,Tyler,Huamachuco,tcapnorpf@marriott.com,Male
917,Jdavie,Eldoret,jsimoncinipg@webeden.co.uk,Male
918,Gibbie,Lizi,gshearmeph@miitbeian.gov.cn,Male
919,Theresa,Agana Heights Village,tpolleypi@issuu.com,Female
920,Erna,Visaginas,eemmotpj@sohu.com,Female
921,Brit,Jinqiao,bsebbornpk@nymag.com,Female
922,Gasper,Sandachō,gcathesyedpl@fastcompany.com,Polygender
923,Lilas,Duobagou,lromushkinpm@diigo.com,Female
924,Vincenz,Wugong,vstonepn@godaddy.com,Male
925,Hana,Obas,hplaxtonpo@deviantart.com,Female
926,Oralla,Stockholm,ojaulmepp@twitpic.com,Female
927,Aliza,Batasan Bata,aseigniorpq@furl.net,Female
928,Ardys,Byala,arawlinpr@pinterest.com,Female
929,Emmerich,Kedungdoro,ekynettps@google.com,Male
930,Sharlene,Monte Caseros,smichurinpt@wikipedia.org,Female
931,Alvera,Buqei‘a,acalltonepu@sun.com,Female
932,Auberta,Kamenica,agricepv@example.com,Female
933,Vivia,Orlando,vcordeletpw@patch.com,Female
934,Hillery,Huibu,hlarmettpx@businesswire.com,Male
935,Upton,Kacha,ukellerpy@tiny.cc,Genderqueer
936,Fredrick,Hongjiaguan,flonginapz@woothemes.com,Male
937,Hamlin,Petaling Jaya,hrotherhamq0@ehow.com,Male
938,Rockey,Asheville,rshannq1@spiegel.de,Male
939,Ira,Artsvanist,imatresseq2@newyorker.com,Male
940,Powell,Kuala Lumpur,pgrigoriq3@cbc.ca,Male
941,Viva,Yuyangguan,vsharpq4@surveymonkey.com,Female
942,Price,Nanggela,pdoumicq5@apple.com,Male
943,Hort,Emiliano Zapata,halfonsettiq6@webs.com,Male
944,Micki,Shaoguan,mpohlakq7@deliciousdays.com,Female
945,Bennie,Água de Pau,bpratenq8@jimdo.com,Male
946,Ansley,Fengmu,aadneq9@theatlantic.com,Female
947,Aloysius,Secunda,awilliamsonqa@dion.ne.jp,Male
948,Ossie,Jincheng,oraubenheimersqb@naver.com,Male
949,Jozef,Piuí,jflowethqc@zdnet.com,Male
950,Aggi,Węgierska Górka,ahanhartqd@bing.com,Female
951,Ewan,Plácido de Castro,eimlackeqe@huffingtonpost.com,Genderfluid
952,Baudoin,Jesús María,bbirkmyreqf@eventbrite.com,Male
953,Minne,Monticello,mbloisqg@naver.com,Female
954,Hadrian,Proletarsk,hcarvilqh@hhs.gov,Male
955,Hallie,Torbeck,hgatissqi@stumbleupon.com,Female
956,Alis,Värnamo,avallentinqj@gov.uk,Female
957,Tore,Xubu,tphilipssonqk@youtube.com,Male
958,Sumner,Nandong,sboameql@nydailynews.com,Male
959,Erastus,Cergy-Pontoise,ecrabqm@quantcast.com,Male
960,De witt,Betaf,doxleeqn@squarespace.com,Male
961,Sascha,Katoúna,sricsonqo@theatlantic.com,Genderfluid
962,Carey,Freiburg im Breisgau,clittlecoteqp@nhs.uk,Male
963,Chilton,Ergong,ckettsqq@sbwire.com,Male
964,Lucretia,Phoenix,lhillandqr@mac.com,Female
965,Jillana,Hedao,jbabidgeqs@cafepress.com,Female
966,Ches,Unawatuna,cmendezqt@redcross.org,Male
967,Illa,Edinburgh,irobunqu@de.vu,Female
968,Ruby,Vicente Guerrero,rkellewayqv@yolasite.com,Female
969,Yoshi,Wichita,yforsdikeqw@usnews.com,Female
970,Field,Armenia,floncasterqx@paginegialle.it,Male
971,Beverly,Velyka Bilozerka,btumilityqy@howstuffworks.com,Female
972,Christie,Noen Maprang,cgommqz@unesco.org,Male
973,Armando,Brignoles,agibbesonr0@hao123.com,Male
974,Viviana,Makabe,vruggr1@drupal.org,Agender
975,Katey,Reims,kwalburnr2@over-blog.com,Female
976,Nickolai,Sancha,ntashr3@aboutads.info,Male
977,Pavel,Pacaembu,proslenr4@goodreads.com,Male
978,Avis,Enhtal,acardenozar5@marriott.com,Female
979,Andres,Plátanos,aaronowitzr6@dell.com,Male
980,Barthel,Meaux,bmangeneyr7@goo.ne.jp,Male
981,Eyde,Guocun,efourcader8@bbb.org,Female
982,Gallard,كاف الجاع,ggisbeyr9@jalbum.net,Male
983,Hildagarde,Viterbo,hprinnettra@earthlink.net,Female
984,Natty,Mingshui,ntripconyrb@bluehost.com,Male
985,Deerdre,Baohe,dbussellrc@globo.com,Female
986,Sayres,Qiansuo,skenewelrd@ehow.com,Male
987,Mercy,Yabrūd,mconstantre@booking.com,Female
988,Di,Tingzhou,dtebaldrf@goo.ne.jp,Female
989,Bab,Parobé,bfolkrg@youtu.be,Female
990,Graham,Mława,gheintzschrh@dedecms.com,Male
991,Duffie,Aldeias de Cima,dhiscocksri@twitter.com,Male
992,Ode,Torino,ocorteneyrj@technorati.com,Male
993,Lonee,Pavlovskiy Posad,lsucrerk@virginia.edu,Female
994,Alanah,Saga-shi,acollinetterl@nifty.com,Female
995,Yance,Ghormach,ycropprm@weather.com,Male
996,Amble,Leiling,akurthrn@noaa.gov,Male
997,Darnall,Gaibei,dswabyro@vimeo.com,Male
998,Marlowe,Shums’k,mlomathrp@digg.com,Male
999,Janette,Pinghu,jdunderdalerq@imgur.com,Female
1000,Mamie,Majagual,mlilburnrr@delicious.com,Female
